--
-- Allowance Flow - Full Database Setup
-- Run this on a fresh Neon database to create schema + restore data
--

SET statement_timeout = 0;
SET lock_timeout = 0;
SET client_encoding = 'UTF8';

-- ============================================================
-- SCHEMA
-- ============================================================

CREATE TABLE IF NOT EXISTS families (
    id TEXT PRIMARY KEY,
    name TEXT,
    language TEXT DEFAULT 'en',
    created_at TIMESTAMPTZ DEFAULT NOW(),
    updated_at TIMESTAMPTZ DEFAULT NOW(),
    weekly_summary_enabled BOOLEAN DEFAULT FALSE,
    weekly_summary_day INTEGER DEFAULT 0,
    weekly_summary_hour INTEGER DEFAULT 18
);

CREATE TABLE IF NOT EXISTS user_profiles (
    user_id TEXT PRIMARY KEY,
    role TEXT NOT NULL CHECK (role IN ('parent', 'child')),
    family_id TEXT REFERENCES families(id) ON DELETE CASCADE,
    created_at TIMESTAMPTZ DEFAULT NOW(),
    updated_at TIMESTAMPTZ DEFAULT NOW(),
    currency TEXT DEFAULT 'USD',
    status TEXT DEFAULT 'pending' CHECK (status IN ('pending', 'active')),
    name TEXT,
    language_preference TEXT,
    phone_number TEXT,
    email TEXT
);

CREATE TABLE IF NOT EXISTS tasks (
    id UUID PRIMARY KEY DEFAULT gen_random_uuid(),
    title TEXT NOT NULL,
    description TEXT,
    value NUMERIC(10, 2) NOT NULL DEFAULT 0,
    status TEXT NOT NULL DEFAULT 'available' CHECK (status IN ('available', 'pending_approval', 'completed', 'paid', 'archived')),
    created_by TEXT NOT NULL,
    completed_by TEXT,
    family_id TEXT REFERENCES families(id) ON DELETE CASCADE,
    created_at TIMESTAMPTZ DEFAULT NOW(),
    updated_at TIMESTAMPTZ DEFAULT NOW(),
    completed_at TIMESTAMPTZ,
    paid_at TIMESTAMPTZ,
    assigned_to_user_id TEXT,
    is_recurring BOOLEAN DEFAULT FALSE,
    recurrence_days JSONB,
    parent_task_id UUID,
    auto_recreate BOOLEAN DEFAULT FALSE
);

CREATE TABLE IF NOT EXISTS family_invites (
    id UUID PRIMARY KEY DEFAULT gen_random_uuid(),
    family_id TEXT REFERENCES families(id) ON DELETE CASCADE,
    role TEXT NOT NULL CHECK (role IN ('parent', 'child')),
    invite_code TEXT UNIQUE NOT NULL,
    invited_name TEXT,
    created_by TEXT NOT NULL,
    created_at TIMESTAMPTZ DEFAULT NOW(),
    used_by TEXT,
    used_at TIMESTAMPTZ,
    revoked BOOLEAN DEFAULT FALSE,
    revoked_at TIMESTAMPTZ
);

CREATE TABLE IF NOT EXISTS notifications (
    id TEXT PRIMARY KEY,
    user_id TEXT NOT NULL,
    family_id TEXT REFERENCES families(id) ON DELETE CASCADE,
    title TEXT,
    message TEXT,
    notification_type TEXT,
    is_read BOOLEAN DEFAULT FALSE,
    created_at TIMESTAMPTZ DEFAULT NOW(),
    metadata JSONB
);

-- Indexes for performance
CREATE INDEX IF NOT EXISTS idx_tasks_family_id ON tasks(family_id);
CREATE INDEX IF NOT EXISTS idx_tasks_assigned_to ON tasks(assigned_to_user_id);
CREATE INDEX IF NOT EXISTS idx_tasks_status ON tasks(status);
CREATE INDEX IF NOT EXISTS idx_user_profiles_family_id ON user_profiles(family_id);
CREATE INDEX IF NOT EXISTS idx_notifications_user_id ON notifications(user_id);
CREATE INDEX IF NOT EXISTS idx_notifications_is_read ON notifications(is_read);
CREATE INDEX IF NOT EXISTS idx_family_invites_invite_code ON family_invites(invite_code);

-- ============================================================
-- DATA RESTORE
-- ============================================================

-- Families
TRUNCATE TABLE families CASCADE;
INSERT INTO families (id, name, language, created_at, updated_at, weekly_summary_enabled, weekly_summary_day, weekly_summary_hour) VALUES ('Herum Family', 'Family Herum Family', 'en', '2025-11-11T08:46:36.482409+00:00', '2025-11-11T08:46:36.482409+00:00', FALSE, 0, 18);
INSERT INTO families (id, name, language, created_at, updated_at, weekly_summary_enabled, weekly_summary_day, weekly_summary_hour) VALUES ('imset_larvik', 'Family imset_larvik', 'nb', '2025-11-11T08:46:36.482409+00:00', '2025-11-11T09:03:47.905038+00:00', FALSE, 0, 18);

-- User Profiles
TRUNCATE TABLE user_profiles CASCADE;
INSERT INTO user_profiles (user_id, role, family_id, created_at, updated_at, currency, status, name, language_preference, phone_number, email) VALUES ('cede47d8-6ba8-4a20-b647-f0315570f6b2', 'parent', 'imset_larvik', '2025-11-10T08:51:45.668779+00:00', '2025-11-10T08:57:35.155644+00:00', 'NOK', 'active', NULL, NULL, NULL, NULL);
INSERT INTO user_profiles (user_id, role, family_id, created_at, updated_at, currency, status, name, language_preference, phone_number, email) VALUES ('51f062e2-641e-463c-9b28-5403e7369431', 'child', 'imset_larvik', '2025-11-10T09:36:02.912193+00:00', '2025-11-24T11:20:57.107171+00:00', 'NOK', 'active', 'Snusk', NULL, '47689144', NULL);
INSERT INTO user_profiles (user_id, role, family_id, created_at, updated_at, currency, status, name, language_preference, phone_number, email) VALUES ('26ce776d-e2fb-4777-8a6d-97b4b484988b', 'parent', 'Herum Family', '2025-11-11T06:15:23.535411+00:00', '2025-11-12T06:57:07.102461+00:00', 'NOK', 'active', NULL, 'nb', NULL, NULL);
INSERT INTO user_profiles (user_id, role, family_id, created_at, updated_at, currency, status, name, language_preference, phone_number, email) VALUES ('915591ce-fec1-49fd-904f-f2a5d19cc4f4', 'child', 'Herum Family', '2025-11-12T06:56:10.240391+00:00', '2025-11-12T06:56:10.240391+00:00', 'NOK', 'pending', NULL, NULL, NULL, NULL);

-- Tasks
TRUNCATE TABLE tasks CASCADE;
INSERT INTO tasks (id, title, description, value, status, created_by, completed_by, family_id, created_at, updated_at, completed_at, assigned_to_user_id, is_recurring, recurrence_days, parent_task_id, auto_recreate, paid_at) VALUES ('6ea60bbf-054f-49ca-ba9f-f39cbdffc843', 'Ryddig rom', 'Rommet skal være ryddig søndag morgen', 100.00, 'available', 'cede47d8-6ba8-4a20-b647-f0315570f6b2', NULL, 'imset_larvik', '2025-11-10T14:05:19.832277+00:00', '2025-11-11T06:27:16.999626+00:00', NULL, '51f062e2-641e-463c-9b28-5403e7369431', TRUE, '[6]'::jsonb, NULL, FALSE, NULL);
INSERT INTO tasks (id, title, description, value, status, created_by, completed_by, family_id, created_at, updated_at, completed_at, assigned_to_user_id, is_recurring, recurrence_days, parent_task_id, auto_recreate, paid_at) VALUES ('9a0ed6a9-7252-4227-96a6-2abb6a17e974', 'Ta ut søppel ', 'Alle bøttene skal være tomme etter middag', 15.00, 'available', 'cede47d8-6ba8-4a20-b647-f0315570f6b2', NULL, 'imset_larvik', '2025-11-10T14:05:59.243020+00:00', '2025-11-19T06:44:00.808542+00:00', NULL, '51f062e2-641e-463c-9b28-5403e7369431', TRUE, '[0, 1, 2, 3, 4, 5, 6]'::jsonb, NULL, FALSE, NULL);
INSERT INTO tasks (id, title, description, value, status, created_by, completed_by, family_id, created_at, updated_at, completed_at, assigned_to_user_id, is_recurring, recurrence_days, parent_task_id, auto_recreate, paid_at) VALUES ('ef024272-5525-4905-a230-aa53426b11b8', 'Sette i oppvaskmaskinen', 'Rydde bordet for tallerkener, glass og bestikk etter middag', 15.00, 'available', 'cede47d8-6ba8-4a20-b647-f0315570f6b2', NULL, 'imset_larvik', '2025-11-10T14:06:59.942395+00:00', '2025-11-12T09:23:16.013685+00:00', NULL, '51f062e2-641e-463c-9b28-5403e7369431', TRUE, '[0, 1, 2, 3, 4, 5, 6]'::jsonb, NULL, FALSE, NULL);
INSERT INTO tasks (id, title, description, value, status, created_by, completed_by, family_id, created_at, updated_at, completed_at, assigned_to_user_id, is_recurring, recurrence_days, parent_task_id, auto_recreate, paid_at) VALUES ('1a8b859a-81ad-447e-a413-9748579d92fe', 'Hente posten', 'Ta posten inn og legge den på bordet i gangen. Si ifra til en voksen', 10.00, 'available', 'cede47d8-6ba8-4a20-b647-f0315570f6b2', NULL, 'imset_larvik', '2025-11-10T14:08:49.009270+00:00', '2025-11-19T06:45:16.129038+00:00', NULL, '51f062e2-641e-463c-9b28-5403e7369431', TRUE, '[1, 2, 3, 4, 5]'::jsonb, NULL, FALSE, NULL);
INSERT INTO tasks (id, title, description, value, status, created_by, completed_by, family_id, created_at, updated_at, completed_at, assigned_to_user_id, is_recurring, recurrence_days, parent_task_id, auto_recreate, paid_at) VALUES ('8c1b740a-2e76-49bc-a332-fb7b278d1eb7', 'Banneord - Mamma', '', 5.00, 'paid', 'cede47d8-6ba8-4a20-b647-f0315570f6b2', 'cede47d8-6ba8-4a20-b647-f0315570f6b2', 'imset_larvik', '2025-11-10T16:29:54.510349+00:00', '2025-11-19T06:43:31.798655+00:00', '2025-11-11T15:30:46.746559+00:00', '51f062e2-641e-463c-9b28-5403e7369431', FALSE, NULL, NULL, TRUE, '2025-11-19T06:43:31.798655+00:00');
INSERT INTO tasks (id, title, description, value, status, created_by, completed_by, family_id, created_at, updated_at, completed_at, assigned_to_user_id, is_recurring, recurrence_days, parent_task_id, auto_recreate, paid_at) VALUES ('98153c84-ba00-4136-9dac-a4144559d501', 'Banneord - Pappa', '', 5.00, 'paid', 'cede47d8-6ba8-4a20-b647-f0315570f6b2', 'cede47d8-6ba8-4a20-b647-f0315570f6b2', 'imset_larvik', '2025-11-10T16:30:08.334720+00:00', '2025-11-11T10:17:16.434215+00:00', '2025-11-11T06:04:43.045858+00:00', '51f062e2-641e-463c-9b28-5403e7369431', FALSE, NULL, NULL, TRUE, '2025-11-11T10:17:16.434215+00:00');
INSERT INTO tasks (id, title, description, value, status, created_by, completed_by, family_id, created_at, updated_at, completed_at, assigned_to_user_id, is_recurring, recurrence_days, parent_task_id, auto_recreate, paid_at) VALUES ('d6f322e6-12ef-41c3-8693-4a15dc5c2e84', 'Sette i oppvaskmaskinen', 'Rydde bordet for tallerkener, glass og bestikk etter middag', 15.00, 'paid', 'cede47d8-6ba8-4a20-b647-f0315570f6b2', 'cede47d8-6ba8-4a20-b647-f0315570f6b2', 'imset_larvik', '2025-11-11T06:00:02.318413+00:00', '2025-11-19T06:43:28.351237+00:00', '2025-11-11T15:30:41.117036+00:00', '51f062e2-641e-463c-9b28-5403e7369431', FALSE, NULL, 'ef024272-5525-4905-a230-aa53426b11b8', FALSE, '2025-11-19T06:43:28.351237+00:00');
INSERT INTO tasks (id, title, description, value, status, created_by, completed_by, family_id, created_at, updated_at, completed_at, assigned_to_user_id, is_recurring, recurrence_days, parent_task_id, auto_recreate, paid_at) VALUES ('d38ff4e6-f0ca-459f-9225-ea6131038c3f', 'Ta ut søppel ', 'Alle bøttene skal være tomme etter middag', 10.00, 'paid', 'cede47d8-6ba8-4a20-b647-f0315570f6b2', 'cede47d8-6ba8-4a20-b647-f0315570f6b2', 'imset_larvik', '2025-11-11T06:00:02.362310+00:00', '2025-11-19T06:43:25.134347+00:00', '2025-11-11T17:24:04.620818+00:00', '51f062e2-641e-463c-9b28-5403e7369431', FALSE, NULL, '9a0ed6a9-7252-4227-96a6-2abb6a17e974', FALSE, '2025-11-19T06:43:25.134347+00:00');
INSERT INTO tasks (id, title, description, value, status, created_by, completed_by, family_id, created_at, updated_at, completed_at, assigned_to_user_id, is_recurring, recurrence_days, parent_task_id, auto_recreate, paid_at) VALUES ('d611e5df-0ef8-4c8f-b157-f5df6c54ecd7', 'Banneord - Pappa', NULL, 5.00, 'paid', '51f062e2-641e-463c-9b28-5403e7369431', 'cede47d8-6ba8-4a20-b647-f0315570f6b2', 'imset_larvik', '2025-11-11T06:04:43.231240+00:00', '2025-11-19T06:43:21.811755+00:00', '2025-11-13T07:20:00.310506+00:00', '51f062e2-641e-463c-9b28-5403e7369431', FALSE, NULL, NULL, TRUE, '2025-11-19T06:43:21.811755+00:00');
INSERT INTO tasks (id, title, description, value, status, created_by, completed_by, family_id, created_at, updated_at, completed_at, assigned_to_user_id, is_recurring, recurrence_days, parent_task_id, auto_recreate, paid_at) VALUES ('020997bf-ef68-4ef9-8a76-4bb55210dcbe', 'Fylle oppvaskmaskin', '', 5.00, 'available', '26ce776d-e2fb-4777-8a6d-97b4b484988b', NULL, 'Herum Family', '2025-11-11T06:16:14.242133+00:00', '2025-11-11T06:16:14.242133+00:00', NULL, NULL, FALSE, NULL, NULL, FALSE, NULL);
INSERT INTO tasks (id, title, description, value, status, created_by, completed_by, family_id, created_at, updated_at, completed_at, assigned_to_user_id, is_recurring, recurrence_days, parent_task_id, auto_recreate, paid_at) VALUES ('e2d9f8b8-bd59-459e-9093-8b0f3678eb1c', 'Tømme oppvaskmaskin', '', 5.00, 'available', '26ce776d-e2fb-4777-8a6d-97b4b484988b', NULL, 'Herum Family', '2025-11-11T06:17:57.559427+00:00', '2025-11-11T06:17:57.559427+00:00', NULL, NULL, FALSE, NULL, NULL, FALSE, NULL);
INSERT INTO tasks (id, title, description, value, status, created_by, completed_by, family_id, created_at, updated_at, completed_at, assigned_to_user_id, is_recurring, recurrence_days, parent_task_id, auto_recreate, paid_at) VALUES ('ebb47537-09f1-4c20-995d-410a870830ad', 'Tømme og fylle oppvaskmaskin', '', 15.00, 'available', '26ce776d-e2fb-4777-8a6d-97b4b484988b', NULL, 'Herum Family', '2025-11-11T06:18:44.993536+00:00', '2025-11-11T06:18:44.993536+00:00', NULL, NULL, FALSE, NULL, NULL, FALSE, NULL);
INSERT INTO tasks (id, title, description, value, status, created_by, completed_by, family_id, created_at, updated_at, completed_at, assigned_to_user_id, is_recurring, recurrence_days, parent_task_id, auto_recreate, paid_at) VALUES ('b84ca572-b062-428d-9516-e88d57eadee5', 'Rydde inn etter middag', '', 15.00, 'paid', 'cede47d8-6ba8-4a20-b647-f0315570f6b2', 'cede47d8-6ba8-4a20-b647-f0315570f6b2', 'imset_larvik', '2025-11-11T15:21:56.251407+00:00', '2025-11-19T06:43:17.903286+00:00', '2025-11-11T15:30:30.744683+00:00', '51f062e2-641e-463c-9b28-5403e7369431', FALSE, NULL, NULL, FALSE, '2025-11-19T06:43:17.903286+00:00');
INSERT INTO tasks (id, title, description, value, status, created_by, completed_by, family_id, created_at, updated_at, completed_at, assigned_to_user_id, is_recurring, recurrence_days, parent_task_id, auto_recreate, paid_at) VALUES ('1c2da175-e212-4c11-bca6-d786911149d6', 'Rydde inn etter middag', '', 15.00, 'available', 'cede47d8-6ba8-4a20-b647-f0315570f6b2', NULL, 'imset_larvik', '2025-11-11T15:22:16.755003+00:00', '2025-11-12T09:23:02.049719+00:00', NULL, '51f062e2-641e-463c-9b28-5403e7369431', TRUE, '[0, 1, 2, 3, 4, 5, 6]'::jsonb, NULL, FALSE, NULL);
INSERT INTO tasks (id, title, description, value, status, created_by, completed_by, family_id, created_at, updated_at, completed_at, assigned_to_user_id, is_recurring, recurrence_days, parent_task_id, auto_recreate, paid_at) VALUES ('8265f9ef-24bb-4646-b35d-98082faa4193', 'Banneord - Mamma', NULL, 5.00, 'paid', '51f062e2-641e-463c-9b28-5403e7369431', 'cede47d8-6ba8-4a20-b647-f0315570f6b2', 'imset_larvik', '2025-11-11T15:30:46.769659+00:00', '2025-11-19T06:43:14.248127+00:00', '2025-11-11T15:30:58.260660+00:00', '51f062e2-641e-463c-9b28-5403e7369431', FALSE, NULL, NULL, TRUE, '2025-11-19T06:43:14.248127+00:00');
INSERT INTO tasks (id, title, description, value, status, created_by, completed_by, family_id, created_at, updated_at, completed_at, assigned_to_user_id, is_recurring, recurrence_days, parent_task_id, auto_recreate, paid_at) VALUES ('e1402d18-7113-4f93-8f16-c069778249da', 'Banneord - Mamma', NULL, 5.00, 'paid', '51f062e2-641e-463c-9b28-5403e7369431', 'cede47d8-6ba8-4a20-b647-f0315570f6b2', 'imset_larvik', '2025-11-11T15:30:58.286088+00:00', '2025-11-24T11:21:23.628146+00:00', '2025-11-22T21:08:31.308613+00:00', '51f062e2-641e-463c-9b28-5403e7369431', FALSE, NULL, NULL, TRUE, '2025-11-24T11:21:23.628146+00:00');
INSERT INTO tasks (id, title, description, value, status, created_by, completed_by, family_id, created_at, updated_at, completed_at, assigned_to_user_id, is_recurring, recurrence_days, parent_task_id, auto_recreate, paid_at) VALUES ('5cd77a78-a5f1-457b-92ae-ab7b4a2fe0c7', 'Hente posten', 'Ta posten inn og legge den på bordet i gangen. Si ifra til en voksen', 5.00, 'paid', 'cede47d8-6ba8-4a20-b647-f0315570f6b2', 'cede47d8-6ba8-4a20-b647-f0315570f6b2', 'imset_larvik', '2025-11-12T06:00:11.375014+00:00', '2025-11-19T06:43:10.383998+00:00', '2025-11-13T07:19:56.473106+00:00', '51f062e2-641e-463c-9b28-5403e7369431', FALSE, NULL, '1a8b859a-81ad-447e-a413-9748579d92fe', FALSE, '2025-11-19T06:43:10.383998+00:00');
INSERT INTO tasks (id, title, description, value, status, created_by, completed_by, family_id, created_at, updated_at, completed_at, assigned_to_user_id, is_recurring, recurrence_days, parent_task_id, auto_recreate, paid_at) VALUES ('31d6c2c9-16b4-41a7-ab3f-42e17757f653', 'Banneord - Pappa', NULL, 5.00, 'available', 'cede47d8-6ba8-4a20-b647-f0315570f6b2', NULL, 'imset_larvik', '2025-11-13T07:20:00.336605+00:00', '2025-11-13T07:20:00.336605+00:00', NULL, '51f062e2-641e-463c-9b28-5403e7369431', FALSE, NULL, NULL, TRUE, NULL);
INSERT INTO tasks (id, title, description, value, status, created_by, completed_by, family_id, created_at, updated_at, completed_at, assigned_to_user_id, is_recurring, recurrence_days, parent_task_id, auto_recreate, paid_at) VALUES ('3fc5eb03-18cb-44fa-b727-655456e98295', 'Ryddig rom', 'Rommet skal være ryddig søndag morgen', 1.00, 'paid', 'cede47d8-6ba8-4a20-b647-f0315570f6b2', 'cede47d8-6ba8-4a20-b647-f0315570f6b2', 'imset_larvik', '2025-11-22T06:00:13.122727+00:00', '2025-11-24T11:21:19.939229+00:00', '2025-11-22T21:10:38.599091+00:00', '51f062e2-641e-463c-9b28-5403e7369431', FALSE, NULL, '6ea60bbf-054f-49ca-ba9f-f39cbdffc843', FALSE, '2025-11-24T11:21:19.939229+00:00');
INSERT INTO tasks (id, title, description, value, status, created_by, completed_by, family_id, created_at, updated_at, completed_at, assigned_to_user_id, is_recurring, recurrence_days, parent_task_id, auto_recreate, paid_at) VALUES ('68d8de4d-0519-4891-8db0-f86ef6606310', 'Banneord - Mamma', NULL, 5.00, 'available', 'cede47d8-6ba8-4a20-b647-f0315570f6b2', NULL, 'imset_larvik', '2025-11-22T21:08:31.336203+00:00', '2025-11-22T21:08:31.336203+00:00', NULL, '51f062e2-641e-463c-9b28-5403e7369431', FALSE, NULL, NULL, TRUE, NULL);
INSERT INTO tasks (id, title, description, value, status, created_by, completed_by, family_id, created_at, updated_at, completed_at, assigned_to_user_id, is_recurring, recurrence_days, parent_task_id, auto_recreate, paid_at) VALUES ('a65419ce-d137-4faa-bacf-6604ef160230', 'Klippe plen', '', 50.00, 'available', '26ce776d-e2fb-4777-8a6d-97b4b484988b', NULL, 'Herum Family', '2025-11-23T08:54:47.297718+00:00', '2025-11-23T08:54:47.297718+00:00', NULL, NULL, TRUE, '[6]'::jsonb, NULL, TRUE, NULL);
INSERT INTO tasks (id, title, description, value, status, created_by, completed_by, family_id, created_at, updated_at, completed_at, assigned_to_user_id, is_recurring, recurrence_days, parent_task_id, auto_recreate, paid_at) VALUES ('1af0010d-1878-4b6b-88b0-b40d9fc22bb7', 'Ryddig rom', 'Rommet skal være ryddig søndag morgen', 100.00, 'paid', 'cede47d8-6ba8-4a20-b647-f0315570f6b2', 'cede47d8-6ba8-4a20-b647-f0315570f6b2', 'imset_larvik', '2025-11-29T06:00:30.541666+00:00', '2025-12-03T08:52:57.784591+00:00', '2025-12-03T08:52:52.573872+00:00', '51f062e2-641e-463c-9b28-5403e7369431', FALSE, NULL, '6ea60bbf-054f-49ca-ba9f-f39cbdffc843', FALSE, '2025-12-03T08:52:57.784591+00:00');
INSERT INTO tasks (id, title, description, value, status, created_by, completed_by, family_id, created_at, updated_at, completed_at, assigned_to_user_id, is_recurring, recurrence_days, parent_task_id, auto_recreate, paid_at) VALUES ('51607512-f301-45c5-94b4-25d5cd449b23', 'Ryddig rom', 'Rommet skal være ryddig søndag morgen', 100.00, 'archived', 'cede47d8-6ba8-4a20-b647-f0315570f6b2', NULL, 'imset_larvik', '2026-03-28T06:00:15.012937+00:00', '2026-04-04T06:00:13.071855+00:00', NULL, '51f062e2-641e-463c-9b28-5403e7369431', FALSE, NULL, '6ea60bbf-054f-49ca-ba9f-f39cbdffc843', FALSE, NULL);
INSERT INTO tasks (id, title, description, value, status, created_by, completed_by, family_id, created_at, updated_at, completed_at, assigned_to_user_id, is_recurring, recurrence_days, parent_task_id, auto_recreate, paid_at) VALUES ('ecfc10ff-4dde-40f6-8986-659352a3fff0', 'Klippe plen', '', 50.00, 'archived', '26ce776d-e2fb-4777-8a6d-97b4b484988b', NULL, 'Herum Family', '2026-03-28T06:00:15.184403+00:00', '2026-04-04T06:00:13.270834+00:00', NULL, NULL, FALSE, NULL, 'a65419ce-d137-4faa-bacf-6604ef160230', FALSE, NULL);
INSERT INTO tasks (id, title, description, value, status, created_by, completed_by, family_id, created_at, updated_at, completed_at, assigned_to_user_id, is_recurring, recurrence_days, parent_task_id, auto_recreate, paid_at) VALUES ('52a26ef3-04e6-493f-b154-fbce018d31bc', 'Hente posten', 'Ta posten inn og legge den på bordet i gangen. Si ifra til en voksen', 10.00, 'archived', 'cede47d8-6ba8-4a20-b647-f0315570f6b2', NULL, 'imset_larvik', '2026-03-31T06:00:21.338174+00:00', '2026-04-01T06:00:41.895822+00:00', NULL, '51f062e2-641e-463c-9b28-5403e7369431', FALSE, NULL, '1a8b859a-81ad-447e-a413-9748579d92fe', FALSE, NULL);
INSERT INTO tasks (id, title, description, value, status, created_by, completed_by, family_id, created_at, updated_at, completed_at, assigned_to_user_id, is_recurring, recurrence_days, parent_task_id, auto_recreate, paid_at) VALUES ('1e09aa41-c432-4c90-8199-2b6f79204081', 'Ta ut søppel ', 'Alle bøttene skal være tomme etter middag', 15.00, 'archived', 'cede47d8-6ba8-4a20-b647-f0315570f6b2', NULL, 'imset_larvik', '2026-03-31T06:00:21.406375+00:00', '2026-04-01T06:00:41.993200+00:00', NULL, '51f062e2-641e-463c-9b28-5403e7369431', FALSE, NULL, '9a0ed6a9-7252-4227-96a6-2abb6a17e974', FALSE, NULL);
INSERT INTO tasks (id, title, description, value, status, created_by, completed_by, family_id, created_at, updated_at, completed_at, assigned_to_user_id, is_recurring, recurrence_days, parent_task_id, auto_recreate, paid_at) VALUES ('a8be373c-7317-4e32-9aaf-320747f9a106', 'Rydde inn etter middag', '', 15.00, 'archived', 'cede47d8-6ba8-4a20-b647-f0315570f6b2', NULL, 'imset_larvik', '2026-03-31T06:00:21.456227+00:00', '2026-04-01T06:00:42.033238+00:00', NULL, '51f062e2-641e-463c-9b28-5403e7369431', FALSE, NULL, '1c2da175-e212-4c11-bca6-d786911149d6', FALSE, NULL);
INSERT INTO tasks (id, title, description, value, status, created_by, completed_by, family_id, created_at, updated_at, completed_at, assigned_to_user_id, is_recurring, recurrence_days, parent_task_id, auto_recreate, paid_at) VALUES ('0e4192c8-118d-49f3-999b-ffc5ee24c2ca', 'Sette i oppvaskmaskinen', 'Rydde bordet for tallerkener, glass og bestikk etter middag', 15.00, 'archived', 'cede47d8-6ba8-4a20-b647-f0315570f6b2', NULL, 'imset_larvik', '2026-03-31T06:00:21.508952+00:00', '2026-04-01T06:00:42.072658+00:00', NULL, '51f062e2-641e-463c-9b28-5403e7369431', FALSE, NULL, 'ef024272-5525-4905-a230-aa53426b11b8', FALSE, NULL);
INSERT INTO tasks (id, title, description, value, status, created_by, completed_by, family_id, created_at, updated_at, completed_at, assigned_to_user_id, is_recurring, recurrence_days, parent_task_id, auto_recreate, paid_at) VALUES ('b4b63f18-d8c1-4289-b67e-527cdb7cc5c7', 'Hente posten', 'Ta posten inn og legge den på bordet i gangen. Si ifra til en voksen', 10.00, 'archived', 'cede47d8-6ba8-4a20-b647-f0315570f6b2', NULL, 'imset_larvik', '2026-04-01T06:00:41.946320+00:00', '2026-04-02T06:00:26.081622+00:00', NULL, '51f062e2-641e-463c-9b28-5403e7369431', FALSE, NULL, '1a8b859a-81ad-447e-a413-9748579d92fe', FALSE, NULL);
INSERT INTO tasks (id, title, description, value, status, created_by, completed_by, family_id, created_at, updated_at, completed_at, assigned_to_user_id, is_recurring, recurrence_days, parent_task_id, auto_recreate, paid_at) VALUES ('37e8071f-f9bb-4f6d-b40d-3da1da8f257b', 'Ta ut søppel ', 'Alle bøttene skal være tomme etter middag', 15.00, 'archived', 'cede47d8-6ba8-4a20-b647-f0315570f6b2', NULL, 'imset_larvik', '2026-04-01T06:00:42.006279+00:00', '2026-04-02T06:00:26.178114+00:00', NULL, '51f062e2-641e-463c-9b28-5403e7369431', FALSE, NULL, '9a0ed6a9-7252-4227-96a6-2abb6a17e974', FALSE, NULL);
INSERT INTO tasks (id, title, description, value, status, created_by, completed_by, family_id, created_at, updated_at, completed_at, assigned_to_user_id, is_recurring, recurrence_days, parent_task_id, auto_recreate, paid_at) VALUES ('7cee345d-c106-4162-815b-b8b86762244a', 'Rydde inn etter middag', '', 15.00, 'archived', 'cede47d8-6ba8-4a20-b647-f0315570f6b2', NULL, 'imset_larvik', '2026-04-01T06:00:42.046419+00:00', '2026-04-02T06:00:26.217376+00:00', NULL, '51f062e2-641e-463c-9b28-5403e7369431', FALSE, NULL, '1c2da175-e212-4c11-bca6-d786911149d6', FALSE, NULL);
INSERT INTO tasks (id, title, description, value, status, created_by, completed_by, family_id, created_at, updated_at, completed_at, assigned_to_user_id, is_recurring, recurrence_days, parent_task_id, auto_recreate, paid_at) VALUES ('7e28f83e-c9b9-4c7f-b999-b15d50496de3', 'Sette i oppvaskmaskinen', 'Rydde bordet for tallerkener, glass og bestikk etter middag', 15.00, 'archived', 'cede47d8-6ba8-4a20-b647-f0315570f6b2', NULL, 'imset_larvik', '2026-04-01T06:00:42.086429+00:00', '2026-04-02T06:00:26.256351+00:00', NULL, '51f062e2-641e-463c-9b28-5403e7369431', FALSE, NULL, 'ef024272-5525-4905-a230-aa53426b11b8', FALSE, NULL);
INSERT INTO tasks (id, title, description, value, status, created_by, completed_by, family_id, created_at, updated_at, completed_at, assigned_to_user_id, is_recurring, recurrence_days, parent_task_id, auto_recreate, paid_at) VALUES ('5783be33-021a-4d4d-8ce5-26a89be0985d', 'Hente posten', 'Ta posten inn og legge den på bordet i gangen. Si ifra til en voksen', 10.00, 'archived', 'cede47d8-6ba8-4a20-b647-f0315570f6b2', NULL, 'imset_larvik', '2026-04-02T06:00:26.129797+00:00', '2026-04-03T06:00:12.921205+00:00', NULL, '51f062e2-641e-463c-9b28-5403e7369431', FALSE, NULL, '1a8b859a-81ad-447e-a413-9748579d92fe', FALSE, NULL);
INSERT INTO tasks (id, title, description, value, status, created_by, completed_by, family_id, created_at, updated_at, completed_at, assigned_to_user_id, is_recurring, recurrence_days, parent_task_id, auto_recreate, paid_at) VALUES ('c18ded3f-d9cb-4a78-a993-b528cfc3c0b0', 'Ta ut søppel ', 'Alle bøttene skal være tomme etter middag', 15.00, 'archived', 'cede47d8-6ba8-4a20-b647-f0315570f6b2', NULL, 'imset_larvik', '2026-04-02T06:00:26.191199+00:00', '2026-04-03T06:00:13.003702+00:00', NULL, '51f062e2-641e-463c-9b28-5403e7369431', FALSE, NULL, '9a0ed6a9-7252-4227-96a6-2abb6a17e974', FALSE, NULL);
INSERT INTO tasks (id, title, description, value, status, created_by, completed_by, family_id, created_at, updated_at, completed_at, assigned_to_user_id, is_recurring, recurrence_days, parent_task_id, auto_recreate, paid_at) VALUES ('3aedc246-7d66-4648-ad27-7c41f9bc90eb', 'Rydde inn etter middag', '', 15.00, 'archived', 'cede47d8-6ba8-4a20-b647-f0315570f6b2', NULL, 'imset_larvik', '2026-04-02T06:00:26.231179+00:00', '2026-04-03T06:00:13.042120+00:00', NULL, '51f062e2-641e-463c-9b28-5403e7369431', FALSE, NULL, '1c2da175-e212-4c11-bca6-d786911149d6', FALSE, NULL);
INSERT INTO tasks (id, title, description, value, status, created_by, completed_by, family_id, created_at, updated_at, completed_at, assigned_to_user_id, is_recurring, recurrence_days, parent_task_id, auto_recreate, paid_at) VALUES ('d7d878dc-5940-4ba9-bc30-e2ce80b4e538', 'Sette i oppvaskmaskinen', 'Rydde bordet for tallerkener, glass og bestikk etter middag', 15.00, 'archived', 'cede47d8-6ba8-4a20-b647-f0315570f6b2', NULL, 'imset_larvik', '2026-04-02T06:00:26.269383+00:00', '2026-04-03T06:00:13.078655+00:00', NULL, '51f062e2-641e-463c-9b28-5403e7369431', FALSE, NULL, 'ef024272-5525-4905-a230-aa53426b11b8', FALSE, NULL);
INSERT INTO tasks (id, title, description, value, status, created_by, completed_by, family_id, created_at, updated_at, completed_at, assigned_to_user_id, is_recurring, recurrence_days, parent_task_id, auto_recreate, paid_at) VALUES ('c932c331-8755-4408-a21f-e84d91b74818', 'Hente posten', 'Ta posten inn og legge den på bordet i gangen. Si ifra til en voksen', 10.00, 'archived', 'cede47d8-6ba8-4a20-b647-f0315570f6b2', NULL, 'imset_larvik', '2026-04-03T06:00:12.962538+00:00', '2026-04-06T06:00:15.126897+00:00', NULL, '51f062e2-641e-463c-9b28-5403e7369431', FALSE, NULL, '1a8b859a-81ad-447e-a413-9748579d92fe', FALSE, NULL);
INSERT INTO tasks (id, title, description, value, status, created_by, completed_by, family_id, created_at, updated_at, completed_at, assigned_to_user_id, is_recurring, recurrence_days, parent_task_id, auto_recreate, paid_at) VALUES ('ac384eb4-6cd8-4996-b628-7ce60b10e008', 'Ta ut søppel ', 'Alle bøttene skal være tomme etter middag', 15.00, 'archived', 'cede47d8-6ba8-4a20-b647-f0315570f6b2', NULL, 'imset_larvik', '2026-04-03T06:00:13.016410+00:00', '2026-04-04T06:00:13.157852+00:00', NULL, '51f062e2-641e-463c-9b28-5403e7369431', FALSE, NULL, '9a0ed6a9-7252-4227-96a6-2abb6a17e974', FALSE, NULL);
INSERT INTO tasks (id, title, description, value, status, created_by, completed_by, family_id, created_at, updated_at, completed_at, assigned_to_user_id, is_recurring, recurrence_days, parent_task_id, auto_recreate, paid_at) VALUES ('8ee11208-b831-4856-85c7-3505d7e9ab37', 'Rydde inn etter middag', '', 15.00, 'archived', 'cede47d8-6ba8-4a20-b647-f0315570f6b2', NULL, 'imset_larvik', '2026-04-03T06:00:13.054842+00:00', '2026-04-04T06:00:13.195983+00:00', NULL, '51f062e2-641e-463c-9b28-5403e7369431', FALSE, NULL, '1c2da175-e212-4c11-bca6-d786911149d6', FALSE, NULL);
INSERT INTO tasks (id, title, description, value, status, created_by, completed_by, family_id, created_at, updated_at, completed_at, assigned_to_user_id, is_recurring, recurrence_days, parent_task_id, auto_recreate, paid_at) VALUES ('ef00432a-3d8f-453b-a4b4-c59152f6b4b9', 'Sette i oppvaskmaskinen', 'Rydde bordet for tallerkener, glass og bestikk etter middag', 15.00, 'archived', 'cede47d8-6ba8-4a20-b647-f0315570f6b2', NULL, 'imset_larvik', '2026-04-03T06:00:13.091882+00:00', '2026-04-04T06:00:13.233421+00:00', NULL, '51f062e2-641e-463c-9b28-5403e7369431', FALSE, NULL, 'ef024272-5525-4905-a230-aa53426b11b8', FALSE, NULL);
INSERT INTO tasks (id, title, description, value, status, created_by, completed_by, family_id, created_at, updated_at, completed_at, assigned_to_user_id, is_recurring, recurrence_days, parent_task_id, auto_recreate, paid_at) VALUES ('e19fa9e2-553e-4a07-bf73-39147ae15668', 'Ryddig rom', 'Rommet skal være ryddig søndag morgen', 100.00, 'available', 'cede47d8-6ba8-4a20-b647-f0315570f6b2', NULL, 'imset_larvik', '2026-04-04T06:00:13.114532+00:00', '2026-04-04T06:00:13.114532+00:00', NULL, '51f062e2-641e-463c-9b28-5403e7369431', FALSE, NULL, '6ea60bbf-054f-49ca-ba9f-f39cbdffc843', FALSE, NULL);
INSERT INTO tasks (id, title, description, value, status, created_by, completed_by, family_id, created_at, updated_at, completed_at, assigned_to_user_id, is_recurring, recurrence_days, parent_task_id, auto_recreate, paid_at) VALUES ('6960dd72-19fb-41a0-8e1b-8a65dbf564db', 'Ta ut søppel ', 'Alle bøttene skal være tomme etter middag', 15.00, 'archived', 'cede47d8-6ba8-4a20-b647-f0315570f6b2', NULL, 'imset_larvik', '2026-04-04T06:00:13.171137+00:00', '2026-04-05T06:00:14.924741+00:00', NULL, '51f062e2-641e-463c-9b28-5403e7369431', FALSE, NULL, '9a0ed6a9-7252-4227-96a6-2abb6a17e974', FALSE, NULL);
INSERT INTO tasks (id, title, description, value, status, created_by, completed_by, family_id, created_at, updated_at, completed_at, assigned_to_user_id, is_recurring, recurrence_days, parent_task_id, auto_recreate, paid_at) VALUES ('99d071d3-d905-423b-af24-25b987492995', 'Rydde inn etter middag', '', 15.00, 'archived', 'cede47d8-6ba8-4a20-b647-f0315570f6b2', NULL, 'imset_larvik', '2026-04-04T06:00:13.208687+00:00', '2026-04-05T06:00:15.025261+00:00', NULL, '51f062e2-641e-463c-9b28-5403e7369431', FALSE, NULL, '1c2da175-e212-4c11-bca6-d786911149d6', FALSE, NULL);
INSERT INTO tasks (id, title, description, value, status, created_by, completed_by, family_id, created_at, updated_at, completed_at, assigned_to_user_id, is_recurring, recurrence_days, parent_task_id, auto_recreate, paid_at) VALUES ('55dcb285-7532-4292-a0c6-ce5cfa478b85', 'Sette i oppvaskmaskinen', 'Rydde bordet for tallerkener, glass og bestikk etter middag', 15.00, 'archived', 'cede47d8-6ba8-4a20-b647-f0315570f6b2', NULL, 'imset_larvik', '2026-04-04T06:00:13.246290+00:00', '2026-04-05T06:00:15.062042+00:00', NULL, '51f062e2-641e-463c-9b28-5403e7369431', FALSE, NULL, 'ef024272-5525-4905-a230-aa53426b11b8', FALSE, NULL);
INSERT INTO tasks (id, title, description, value, status, created_by, completed_by, family_id, created_at, updated_at, completed_at, assigned_to_user_id, is_recurring, recurrence_days, parent_task_id, auto_recreate, paid_at) VALUES ('57a47b61-b4b7-441c-8679-b5f19169b035', 'Klippe plen', '', 50.00, 'available', '26ce776d-e2fb-4777-8a6d-97b4b484988b', NULL, 'Herum Family', '2026-04-04T06:00:13.283414+00:00', '2026-04-04T06:00:13.283414+00:00', NULL, NULL, FALSE, NULL, 'a65419ce-d137-4faa-bacf-6604ef160230', FALSE, NULL);
INSERT INTO tasks (id, title, description, value, status, created_by, completed_by, family_id, created_at, updated_at, completed_at, assigned_to_user_id, is_recurring, recurrence_days, parent_task_id, auto_recreate, paid_at) VALUES ('6d4d5356-2814-4a0c-ae0c-bd9e9655f96e', 'Ta ut søppel ', 'Alle bøttene skal være tomme etter middag', 15.00, 'archived', 'cede47d8-6ba8-4a20-b647-f0315570f6b2', NULL, 'imset_larvik', '2026-04-05T06:00:14.979924+00:00', '2026-04-06T06:00:15.242242+00:00', NULL, '51f062e2-641e-463c-9b28-5403e7369431', FALSE, NULL, '9a0ed6a9-7252-4227-96a6-2abb6a17e974', FALSE, NULL);
INSERT INTO tasks (id, title, description, value, status, created_by, completed_by, family_id, created_at, updated_at, completed_at, assigned_to_user_id, is_recurring, recurrence_days, parent_task_id, auto_recreate, paid_at) VALUES ('e990b2b3-b4a4-49b8-9f46-02c392b32122', 'Rydde inn etter middag', '', 15.00, 'archived', 'cede47d8-6ba8-4a20-b647-f0315570f6b2', NULL, 'imset_larvik', '2026-04-05T06:00:15.037815+00:00', '2026-04-06T06:00:15.280433+00:00', NULL, '51f062e2-641e-463c-9b28-5403e7369431', FALSE, NULL, '1c2da175-e212-4c11-bca6-d786911149d6', FALSE, NULL);
INSERT INTO tasks (id, title, description, value, status, created_by, completed_by, family_id, created_at, updated_at, completed_at, assigned_to_user_id, is_recurring, recurrence_days, parent_task_id, auto_recreate, paid_at) VALUES ('ff1f4467-41be-4bb4-a27f-f65211a968e8', 'Sette i oppvaskmaskinen', 'Rydde bordet for tallerkener, glass og bestikk etter middag', 15.00, 'archived', 'cede47d8-6ba8-4a20-b647-f0315570f6b2', NULL, 'imset_larvik', '2026-04-05T06:00:15.075495+00:00', '2026-04-06T06:00:15.318829+00:00', NULL, '51f062e2-641e-463c-9b28-5403e7369431', FALSE, NULL, 'ef024272-5525-4905-a230-aa53426b11b8', FALSE, NULL);
INSERT INTO tasks (id, title, description, value, status, created_by, completed_by, family_id, created_at, updated_at, completed_at, assigned_to_user_id, is_recurring, recurrence_days, parent_task_id, auto_recreate, paid_at) VALUES ('b3264aac-6fc6-422f-8fbf-a605342750de', 'Hente posten', 'Ta posten inn og legge den på bordet i gangen. Si ifra til en voksen', 10.00, 'archived', 'cede47d8-6ba8-4a20-b647-f0315570f6b2', NULL, 'imset_larvik', '2026-04-06T06:00:15.187197+00:00', '2026-04-07T06:00:13.006153+00:00', NULL, '51f062e2-641e-463c-9b28-5403e7369431', FALSE, NULL, '1a8b859a-81ad-447e-a413-9748579d92fe', FALSE, NULL);
INSERT INTO tasks (id, title, description, value, status, created_by, completed_by, family_id, created_at, updated_at, completed_at, assigned_to_user_id, is_recurring, recurrence_days, parent_task_id, auto_recreate, paid_at) VALUES ('2de35f30-1612-405e-b54f-52360b7fbe4b', 'Ta ut søppel ', 'Alle bøttene skal være tomme etter middag', 15.00, 'archived', 'cede47d8-6ba8-4a20-b647-f0315570f6b2', NULL, 'imset_larvik', '2026-04-06T06:00:15.255419+00:00', '2026-04-07T06:00:13.090261+00:00', NULL, '51f062e2-641e-463c-9b28-5403e7369431', FALSE, NULL, '9a0ed6a9-7252-4227-96a6-2abb6a17e974', FALSE, NULL);
INSERT INTO tasks (id, title, description, value, status, created_by, completed_by, family_id, created_at, updated_at, completed_at, assigned_to_user_id, is_recurring, recurrence_days, parent_task_id, auto_recreate, paid_at) VALUES ('d54a4637-52a6-4f6f-b520-2334a29ab561', 'Rydde inn etter middag', '', 15.00, 'archived', 'cede47d8-6ba8-4a20-b647-f0315570f6b2', NULL, 'imset_larvik', '2026-04-06T06:00:15.293610+00:00', '2026-04-07T06:00:13.128034+00:00', NULL, '51f062e2-641e-463c-9b28-5403e7369431', FALSE, NULL, '1c2da175-e212-4c11-bca6-d786911149d6', FALSE, NULL);
INSERT INTO tasks (id, title, description, value, status, created_by, completed_by, family_id, created_at, updated_at, completed_at, assigned_to_user_id, is_recurring, recurrence_days, parent_task_id, auto_recreate, paid_at) VALUES ('077cb401-3264-4bd1-95be-9f5a5df2f684', 'Sette i oppvaskmaskinen', 'Rydde bordet for tallerkener, glass og bestikk etter middag', 15.00, 'archived', 'cede47d8-6ba8-4a20-b647-f0315570f6b2', NULL, 'imset_larvik', '2026-04-06T06:00:15.332902+00:00', '2026-04-07T06:00:13.165043+00:00', NULL, '51f062e2-641e-463c-9b28-5403e7369431', FALSE, NULL, 'ef024272-5525-4905-a230-aa53426b11b8', FALSE, NULL);
INSERT INTO tasks (id, title, description, value, status, created_by, completed_by, family_id, created_at, updated_at, completed_at, assigned_to_user_id, is_recurring, recurrence_days, parent_task_id, auto_recreate, paid_at) VALUES ('def37c8f-a985-44d5-985c-46b65e049489', 'Hente posten', 'Ta posten inn og legge den på bordet i gangen. Si ifra til en voksen', 10.00, 'archived', 'cede47d8-6ba8-4a20-b647-f0315570f6b2', NULL, 'imset_larvik', '2026-04-07T06:00:13.050089+00:00', '2026-04-08T06:00:13.191895+00:00', NULL, '51f062e2-641e-463c-9b28-5403e7369431', FALSE, NULL, '1a8b859a-81ad-447e-a413-9748579d92fe', FALSE, NULL);
INSERT INTO tasks (id, title, description, value, status, created_by, completed_by, family_id, created_at, updated_at, completed_at, assigned_to_user_id, is_recurring, recurrence_days, parent_task_id, auto_recreate, paid_at) VALUES ('883618d2-336e-40ed-b925-d09ebefb25bd', 'Ta ut søppel ', 'Alle bøttene skal være tomme etter middag', 15.00, 'archived', 'cede47d8-6ba8-4a20-b647-f0315570f6b2', NULL, 'imset_larvik', '2026-04-07T06:00:13.103213+00:00', '2026-04-08T06:00:13.281536+00:00', NULL, '51f062e2-641e-463c-9b28-5403e7369431', FALSE, NULL, '9a0ed6a9-7252-4227-96a6-2abb6a17e974', FALSE, NULL);
INSERT INTO tasks (id, title, description, value, status, created_by, completed_by, family_id, created_at, updated_at, completed_at, assigned_to_user_id, is_recurring, recurrence_days, parent_task_id, auto_recreate, paid_at) VALUES ('9727d402-2fba-4c6b-93d5-d4a6acb29480', 'Rydde inn etter middag', '', 15.00, 'archived', 'cede47d8-6ba8-4a20-b647-f0315570f6b2', NULL, 'imset_larvik', '2026-04-07T06:00:13.140705+00:00', '2026-04-08T06:00:13.321167+00:00', NULL, '51f062e2-641e-463c-9b28-5403e7369431', FALSE, NULL, '1c2da175-e212-4c11-bca6-d786911149d6', FALSE, NULL);
INSERT INTO tasks (id, title, description, value, status, created_by, completed_by, family_id, created_at, updated_at, completed_at, assigned_to_user_id, is_recurring, recurrence_days, parent_task_id, auto_recreate, paid_at) VALUES ('1d550395-17c8-486d-81f1-b594b5b10c91', 'Sette i oppvaskmaskinen', 'Rydde bordet for tallerkener, glass og bestikk etter middag', 15.00, 'archived', 'cede47d8-6ba8-4a20-b647-f0315570f6b2', NULL, 'imset_larvik', '2026-04-07T06:00:13.177826+00:00', '2026-04-08T06:00:13.359947+00:00', NULL, '51f062e2-641e-463c-9b28-5403e7369431', FALSE, NULL, 'ef024272-5525-4905-a230-aa53426b11b8', FALSE, NULL);
INSERT INTO tasks (id, title, description, value, status, created_by, completed_by, family_id, created_at, updated_at, completed_at, assigned_to_user_id, is_recurring, recurrence_days, parent_task_id, auto_recreate, paid_at) VALUES ('0968201a-9c41-4634-8783-9a21c71f02c4', 'Hente posten', 'Ta posten inn og legge den på bordet i gangen. Si ifra til en voksen', 10.00, 'available', 'cede47d8-6ba8-4a20-b647-f0315570f6b2', NULL, 'imset_larvik', '2026-04-08T06:00:13.234447+00:00', '2026-04-08T06:00:13.234447+00:00', NULL, '51f062e2-641e-463c-9b28-5403e7369431', FALSE, NULL, '1a8b859a-81ad-447e-a413-9748579d92fe', FALSE, NULL);
INSERT INTO tasks (id, title, description, value, status, created_by, completed_by, family_id, created_at, updated_at, completed_at, assigned_to_user_id, is_recurring, recurrence_days, parent_task_id, auto_recreate, paid_at) VALUES ('5e1e35d4-5585-4db5-9200-981e437179b4', 'Ta ut søppel ', 'Alle bøttene skal være tomme etter middag', 15.00, 'available', 'cede47d8-6ba8-4a20-b647-f0315570f6b2', NULL, 'imset_larvik', '2026-04-08T06:00:13.295030+00:00', '2026-04-08T06:00:13.295030+00:00', NULL, '51f062e2-641e-463c-9b28-5403e7369431', FALSE, NULL, '9a0ed6a9-7252-4227-96a6-2abb6a17e974', FALSE, NULL);
INSERT INTO tasks (id, title, description, value, status, created_by, completed_by, family_id, created_at, updated_at, completed_at, assigned_to_user_id, is_recurring, recurrence_days, parent_task_id, auto_recreate, paid_at) VALUES ('0be7a48a-0056-4db4-bc73-80428b1fd845', 'Rydde inn etter middag', '', 15.00, 'available', 'cede47d8-6ba8-4a20-b647-f0315570f6b2', NULL, 'imset_larvik', '2026-04-08T06:00:13.334601+00:00', '2026-04-08T06:00:13.334601+00:00', NULL, '51f062e2-641e-463c-9b28-5403e7369431', FALSE, NULL, '1c2da175-e212-4c11-bca6-d786911149d6', FALSE, NULL);
INSERT INTO tasks (id, title, description, value, status, created_by, completed_by, family_id, created_at, updated_at, completed_at, assigned_to_user_id, is_recurring, recurrence_days, parent_task_id, auto_recreate, paid_at) VALUES ('eeeb519b-accc-435a-814c-538f0a6e9ea5', 'Sette i oppvaskmaskinen', 'Rydde bordet for tallerkener, glass og bestikk etter middag', 15.00, 'available', 'cede47d8-6ba8-4a20-b647-f0315570f6b2', NULL, 'imset_larvik', '2026-04-08T06:00:13.372898+00:00', '2026-04-08T06:00:13.372898+00:00', NULL, '51f062e2-641e-463c-9b28-5403e7369431', FALSE, NULL, 'ef024272-5525-4905-a230-aa53426b11b8', FALSE, NULL);

-- Family Invites
TRUNCATE TABLE family_invites CASCADE;
INSERT INTO family_invites (id, family_id, role, invite_code, invited_name, created_by, created_at, used_by, used_at, revoked, revoked_at) VALUES ('b31dc294-fd19-46ea-85bc-91e69b2e88d7', 'imset_larvik', 'child', 'inv_BwWDupv89EsiseDE', 'Vårin', 'cede47d8-6ba8-4a20-b647-f0315570f6b2', '2025-11-10T09:25:27.113872+00:00', NULL, NULL, TRUE, '2025-11-10T09:31:46.895644+00:00');
INSERT INTO family_invites (id, family_id, role, invite_code, invited_name, created_by, created_at, used_by, used_at, revoked, revoked_at) VALUES ('e883c128-7817-4df8-8e57-b0e7981af0af', 'imset_larvik', 'child', 'inv_bkSFntDQBGERaTy3', 'Vårin', 'cede47d8-6ba8-4a20-b647-f0315570f6b2', '2025-11-10T09:32:00.563719+00:00', NULL, NULL, TRUE, '2025-11-10T09:47:31.628975+00:00');
INSERT INTO family_invites (id, family_id, role, invite_code, invited_name, created_by, created_at, used_by, used_at, revoked, revoked_at) VALUES ('ea2dee8f-6dee-4c74-ac58-b6ad5e5eb84c', 'imset_larvik', 'parent', 'inv_6A1_VY7vBxbR0Gha', 'Nadia', 'cede47d8-6ba8-4a20-b647-f0315570f6b2', '2025-11-10T16:31:49.830633+00:00', NULL, NULL, FALSE, NULL);
INSERT INTO family_invites (id, family_id, role, invite_code, invited_name, created_by, created_at, used_by, used_at, revoked, revoked_at) VALUES ('1ae1d058-25e4-41e9-b76d-9d1f3ec071a2', 'Herum Family', 'child', 'inv_ZI4WvtWeBZtKMux4', 'Kelvin', '26ce776d-e2fb-4777-8a6d-97b4b484988b', '2025-11-11T06:19:06.132519+00:00', NULL, NULL, FALSE, NULL);

-- Setup complete
